MetroArea,Population,MainCity,lat,lng,GDP,TravelTimeIndexValue,PopNorm,GDPNorm,TTINorm,demand_score,proximity_score,cluster_id
"Abilene, TX",181591,"Abilene, TX",32.4487364,-99.73314390000002,9468978000.0,1.0700000000000003,0.00635564023912701,0.0028955443209956627,0.06521739130434837,0.022539963374693408,0.43052707569515813,3.0
"Akron, OH",698398,"Akron, OH",41.081199,-81.51883769999999,44562456000.0,1.12,0.03294007118131884,0.019142568344862252,0.17391304347826103,0.0732433701775298,0.7437808826686219,1.0
"Albany, GA",145508,"Albany, GA",31.5785074,-84.15574099999999,7312400000.0,1.0700000000000003,0.004499539176859842,0.001897125909023439,0.06521739130434837,0.00847922251355515,0.5961529323138378,4.0
"Albany, OR",131496,"Albany, OR",44.6365107,-123.1059282,6107649000.0,1.0600000000000003,0.0037787651812251234,0.0013393693241737614,0.043478260869565744,0.0,0.4304162054003762,0.0
"Albany-Schenectady-Troy, NY",904682,"Albany, NY",42.6525793,-73.7562317,80302855000.0,1.12,0.043551271789048815,0.03568909363299635,0.17391304347826103,0.25497608029233254,0.5830883180216696,1.0
"Albuquerque, NM",922296,"Albuquerque, NM",35.0843859,-106.650422,53861763000.0,1.16,0.04445733182038695,0.023447814585611338,0.2608695652173911,0.42961470814823416,0.359896063780345,0.0
"Alexandria, LA",148171,"Alexandria, LA",31.3112936,-92.4451371,7459955000.0,1.11,0.004636523272661673,0.0019654385917914916,0.1521739130434784,0.025393092632536286,0.5040737466519605,3.0
"Allentown-Bethlehem-Easton, PA-NJ",873555,"Allentown, PA",40.6022939,-75.4714098,54322843000.0,1.12,0.04195010620511205,0.02366127811968808,0.17391304347826103,0.07705828786619748,0.6906742312930925,1.0
"Altoona, PA",120273,"Altoona, PA",40.5186809,-78.3947359,7237590000.0,1.0600000000000003,0.003201456691858263,0.001862491557101254,0.043478260869565744,0.003922252879583935,0.6919380043969662,1.0
"Amarillo, TX",272395,"Amarillo, TX",35.2219971,-101.8312969,17375642000.0,1.09,0.011026576714977351,0.006556046707126815,0.10869565217391315,0.0809343412613259,0.40238155675484877,3.0
"Ames, IA",125156,"Ames, IA",42.0307812,-93.63191309999999,8103976000.0,1.09,0.0034526370672996226,0.0022635972598743356,0.10869565217391315,0.0,0.5477005273184438,2.0
"Anchorage, AK",401314,"Anchorage, AK",61.2175758,-149.8996785,31569987000.0,1.14,0.017658139856800953,0.013127520307379563,0.2173913043478258,0.23694114277329567,0.1027648875780465,5.0
"Ann Arbor, MI",365536,"Ann Arbor, MI",42.2808256,-83.7430378,30556485000.0,1.09,0.01581772792304282,0.012658305163122933,0.10869565217391315,0.0,0.7429983519144541,2.0
"Anniston-Oxford, AL",116429,"Anniston, AL",33.6598257,-85.8316318,5466368000.0,1.05,0.003003722232878827,0.0010424791780033194,0.02173913043478263,1.5496788646284042e-05,0.6868629588237107,4.0
"Appleton, WI",246433,"Appleton, WI",44.2619309,-88.41538469999999,16977033000.0,1.0700000000000003,0.009691097520382106,0.006371505009688635,0.06521739130434837,0.10572883636099287,0.635582327463201,2.0
"Asheville, NC",417202,"Asheville, NC",35.5950581,-82.5514869,26228006000.0,1.1,0.018475414852707633,0.01065437433871727,0.1304347826086958,0.18384639003671338,0.6804377238971753,4.0
"Athens-Clarke County, GA",222060,"Athens, GA",33.9519347,-83.357567,12628127000.0,1.12,0.00843735611333065,0.004358117215536754,0.17391304347826103,0.0004937695335948616,0.6623328833064671,4.0
"Atlanta-Sandy Springs-Roswell, GA",6307261,"Atlanta, GA",33.748752,-84.38768449999999,525888412000.0,1.25,0.3214586692028529,0.24197925527690567,0.45652173913043476,6.885776798881065,0.6915595993353421,4.0
"Atlantic City-Hammonton, NJ",369823,"Atlantic City, NJ",39.3642834,-74.4229266,16851079000.0,1.09,0.016038250198184556,0.006313192816639485,0.10869565217391315,0.08458030433781122,0.5805645280125876,1.0
"Auburn-Opelika, AL",201585,"Auburn, AL",32.6098566,-85.48078249999999,8255829000.0,1.09,0.007384126912601215,0.002333899762780893,0.10869565217391315,2.2902769533772403e-05,0.6526796449177773,4.0
"Augusta-Richmond County, GA-SC",629429,"Augusta, GA",33.4734978,-82.0105148,34184537000.0,1.09,0.029392321987418552,0.014337963360689937,0.10869565217391315,0.07329377032987246,0.6318894667493788,4.0
"Austin-Round Rock-San Marcos, TX",2473275,"Austin, TX",30.267153,-97.7430608,222054436000.0,1.27,0.12423932803616915,0.10131500115712579,0.5,1.6396836335475888,0.4412687396092522,3.0
"Bakersfield-Delano, CA",913820,"Bakersfield, CA",35.3732921,-119.0187125,57540870000.0,1.15,0.0440213283671326,0.025151109420491362,0.23913043478260845,0.034084962897148255,0.349040045292195,0.0
"Baltimore-Columbia-Towson, MD",2834316,"Baltimore, MD",39.2903848,-76.6121893,241399485000.0,1.1899999999999997,0.14281119244938315,0.11027106632245012,0.32608695652173847,1.8982581553183877,0.7221364791127006,1.0
"Bangor, ME",155312,"Bangor, ME",44.8016128,-68.7712257,8551429000.0,1.08,0.00500385463883549,0.0024707519807757854,0.08695652173913052,0.05363748635696207,0.33099931717193354,1.0
"Barnstable Town, MA",231735,"Barnstable, MA",41.7003208,-70.3002024,16351415000.0,1.0700000000000003,0.008935035845543463,0.0060818662718079555,0.06521739130434837,0.0,0.43486683625912836,1.0
"Baton Rouge, LA",873661,"Baton Rouge, LA",30.4514677,-91.18714659999999,62951412000.0,1.23,0.04195555882026601,0.02765599667778,0.41304347826086946,0.08784410689081333,0.5210451105917934,3.0
"Battle Creek, MI",133366,"Battle Creek, MI",42.3211522,-85.17971419999999,7727860000.0,1.0700000000000003,0.0038749575429034653,0.002089469016222891,0.06521739130434837,0.023332986866449638,0.7409416950598102,2.0
"Bay City, MI",102500,"Bay City, MI",43.5944677,-83.8888647,4591500000.0,1.05,0.00228721773778919,0.000637446612872211,0.02173913043478263,0.024270683728048727,0.6995439131025787,2.0
"Beaumont-Port Arthur, TX",395479,"Beaumont, TX",30.080174,-94.1265562,29006651000.0,1.08,0.017357988824505163,0.011940787502690267,0.08695652173913052,0.008771683022995573,0.4607668552844997,3.0
"Beckley, WV",111428,"Beckley, WV",37.7781702,-81.1881557,5187045000.0,1.0600000000000003,0.002746471965096267,0.0009131626283179764,0.043478260869565744,0.009130426068904955,0.6754690595790577,1.0
"Bellingham, WA",231919,"Bellingham, WA",48.7519112,-122.4786854,19595016000.0,1.12,0.008944500762414485,0.0075835374191031224,0.17391304347826103,0.04694468597396563,0.28765492160244077,0.0
"Bend, OR",260919,"Bend, OR",44.0581728,-121.3153096,13877714000.0,1.12,0.010436253964912833,0.004936631263329662,0.17391304347826103,0.11260394845191758,0.3093860777796882,0.0
"Billings, MT",191435,"Billings, MT",45.7832856,-108.5006904,13207756000.0,1.09,0.006862013291726793,0.004626464692749749,0.10869565217391315,0.07445622826571943,0.2979213040823163,0.0
"Binghamton, NY",243792,"Binghamton, NY",42.09868669999999,-75.91797380000001,12658766000.0,1.1,0.009555245099423551,0.004372301975709776,0.1304347826086958,0.006188523700056697,0.619960875528037,1.0
"Birmingham, AL",1184290,"Birmingham, AL",33.5185892,-86.8103567,79098010000.0,1.13,0.05793424176988184,0.03513129352951171,0.19565217391304318,0.2932003619124421,0.6643766238979513,4.0
"Bismarck, ND",135786,"Bismarck, ND",46.8041643,-100.7877616,8880585000.0,1.0700000000000003,0.003999441775663672,0.002623139425519787,0.06521739130434837,0.05413188550998773,0.32614415489693477,0.0
"Blacksburg-Christiansburg-Radford, VA",181428,"Blacksburg, VA",37.2295733,-80.4139393,9059527000.0,1.0600000000000003,0.006347255557333657,0.002705983165683664,0.043478260869565744,0.08148155427784842,0.6778574142959963,1.0
"Bloomington, IL",170441,"Bloomington, IL",40.4842027,-88.99368729999999,14430876000.0,1.04,0.0057820868526491966,0.0051927254670187375,0.0,0.033181249826098935,0.7069670816668591,2.0
"Bloomington, IN",160874,"Bloomington, IN",39.165325,-86.52638569999999,9085369000.0,1.1,0.005289962615121552,0.00271794708658158,0.1304347826086958,0.0009761088682056523,0.7195935565670886,2.0
"Boise City, ID",824657,"Boise City, ID",43.6150186,-116.2023137,49946873000.0,1.15,0.03943480454663743,0.02163536066238392,0.23913043478260845,0.40759728500873277,0.3024681076056452,0.0
"Boston-Cambridge-Newton, MA-NH",4919179,"Boston, MA",42.3600825,-71.0588801,571666671000.0,1.22,0.2500560564845663,0.263172950405778,0.39130434782608686,2.6485376814013657,0.5127625474173643,1.0
"Boulder, CO",326831,"Boulder, CO",40.0149856,-105.2705456,35608347000.0,1.21,0.01382675179536356,0.01499713642057934,0.3695652173913042,0.0,0.42609620141295707,0.0
"Bowling Green, KY",188840,"Bowling Green, KY",36.9685219,-86.4808043,9794263000.0,1.13,0.006728527099985993,0.003046139631315245,0.19565217391304318,1.1114267776936381e-05,0.67502281067386,2.0
"Bremerton-Silverdale-Port Orchard, WA",277658,"Bremerton, WA",47.5650067,-122.6269768,15477343000.0,1.15,0.011297304201348,0.005677202226181326,0.23913043478260845,0.0,0.2940948404852941,0.0
"Bridgeport-Stamford-Danbury, CT",951558,"Bridgeport, CT",41.1792258,-73.1894384,104368153000.0,1.32,0.04596256224147338,0.04683046510798975,0.6086956521739132,1.1114267776936381e-05,0.6277520619132314,1.0
"Brownsville-Harlingen, TX",426710,"Brownsville, TX",25.9017472,-97.4974838,14259129000.0,1.09,0.018964504144064677,0.0051132127542854195,0.10869565217391315,0.1406784352134087,0.32041126286004024,3.0
"Brunswick-St. Simons, GA",116074,"Brunswick, GA",31.1510919,-81.4878157,5933072000.0,1.05,0.002985461116089623,0.0012585464227498969,0.02173913043478263,0.009610544760261113,0.5598341260841307,4.0
"Buffalo-Cheektowaga, NY",1155604,"Buffalo, NY",42.88644679999999,-78.8783689,84673053000.0,1.13,0.05645864065378296,0.03771233886092883,0.19565217391304318,0.3958373171882701,0.567787759758157,1.0
"Burlington, NC",179165,"Burlington, NC",36.095987,-79.43717730000002,7889103000.0,1.05,0.006230847367773182,0.002164118752982534,0.02173913043478263,0.0,0.726801814511162,1.0
"Burlington-South Burlington, VT",227942,"Burlington, VT",44.4758825,-73.21207199999999,17478185000.0,1.12,0.0087399248146098,0.0066035204452521545,0.17391304347826103,0.10963377658153285,0.43031746316243263,1.0
"Canton-Massillon, OH",399474,"Canton, OH",40.79894729999999,-81.378447,22880449000.0,1.11,0.01756349068809071,0.009104575284879894,0.1521739130434784,0.0,0.7314960040806818,2.0
"Cape Coral-Fort Myers, FL",834573,"Cape Coral, FL",26.5628537,-81.9495331,44628553000.0,1.15,0.039944881262360656,0.01917316888969584,0.23913043478260845,1.15023162191263,0.4568757101656826,4.0
"Cape Girardeau, MO-IL",98223,"Cape Girardeau, MO",37.3058839,-89.51814759999999,5282037000.0,1.0700000000000003,0.0020672098603034855,0.0009571405237569846,0.06521739130434837,0.005109385462839219,0.5979217589580312,2.0
"Carson City, NV",58036,"Carson City, NV",39.1637984,-119.7674034,4285306000.0,1.1,0.0,0.0004956897521254988,0.1304347826086958,0.0,0.3503723394830862,0.0
"Casper, WY",79941,"Casper, WY",42.84870900000001,-106.2980824,6272555000.0,1.1,0.0011267880655422859,0.001415714898803889,0.1304347826086958,0.024590181252552152,0.3375034504686141,0.0
"Cedar Rapids, IA",275668,"Cedar Rapids, IA",41.9778795,-91.6656232,22009028000.0,1.0600000000000003,0.011194939067797251,0.008701138557351724,0.043478260869565744,0.13408577898731336,0.6220096498538916,2.0
"Chambersburg, PA",157854,"Chambersburg, PA",39.9375911,-77.6611022,7456647000.0,1.0600000000000003,0.0051346145229993105,0.0019639071062125773,0.043478260869565744,0.0,0.7846950134425226,1.0
"Champaign-Urbana, IL",235608,"Champaign, IL",40.1164204,-88.2433829,14328149000.0,1.0600000000000003,0.009134262057725396,0.005145166543480303,0.043478260869565744,0.01976596220123361,0.7095679135440665,2.0
"Charleston, WV",203164,"Charleston, WV",38.3498195,-81.6326234,14890707000.0,1.1,0.00746535030248897,0.005405610758807674,0.1304347826086958,0.04434468387198174,0.6833729835160475,1.0
"Charleston-North Charleston, SC",849417,"Charleston, SC",32.7833163,-79.9319664,56933006000.0,1.26,0.04070845314297739,0.024869690149046005,0.47826086956521735,0.5032941738671117,0.5547739869379352,4.0
"Charlotte-Concord-Gastonia, NC-SC",2805115,"Charlotte, NC",35.2270869,-80.8431267,228912666000.0,1.17,0.1413090998539985,0.10449011613350978,0.2826086956521737,4.411063558372256,0.6794617583485161,4.0
"Charlottesville, VA",225127,"Charlottesville, VA",38.0293059,-78.47667810000002,17190032000.0,1.2,0.008595121874436252,0.006470115921666625,0.3478260869565216,0.07840813004741314,0.6679667009644941,1.0
"Chattanooga, TN-GA",580971,"Chattanooga, TN",35.0457984,-85.3093995,40041675000.0,1.14,0.02689965382580942,0.017049608578559246,0.2173913043478258,0.10999011465364432,0.7122784019328124,4.0
"Cheyenne, WY",100984,"Cheyenne, WY",41.1399814,-104.8202462,7545325000.0,1.1,0.0022092350531344486,0.002004961845682642,0.1304347826086958,0.007404739041632595,0.4091016528111912,0.0
"Chicago-Naperville-Elgin, IL-IN",9262825,"Chicago, IL",41.8781136,-87.6297982,832899746000.0,1.3,0.4734921885886744,0.3841145124063737,0.5652173913043479,6.449557067897734,0.7173430482096115,2.0
"Chico, CA",207172,"Chico, CA",39.7284944,-121.8374777,11077391000.0,1.1,0.0076715208830273615,0.0036401819613942382,0.1304347826086958,0.0,0.3517745436599901,0.0
"Cincinnati, OH-KY-IN",2271479,"Cincinnati, OH",39.1031182,-84.5120196,186141091000.0,1.15,0.1138589890964672,0.08468840806218064,0.23913043478260845,0.7462356190431821,0.7296927337853722,2.0
"Clarksville, TN-KY",340495,"Clarksville, TN",36.5297706,-87.3594528,16209280000.0,1.13,0.014529624752568297,0.006016062855012611,0.19565217391304318,0.0,0.6625073152068569,4.0
"Cleveland, OH",2158932,"Cleveland, OH",41.49932,-81.6943605,162788382000.0,1.13,0.10806959779710233,0.07387693978464584,0.19565217391304318,0.7845789305486502,0.6971189044611952,1.0
"Cleveland, TN",129612,"Cleveland, TN",35.1595182,-84.8766115,6295571000.0,1.0600000000000003,0.003681852662828334,0.0014263704828680651,0.043478260869565744,0.0,0.709810383179062,4.0
"Coeur d'Alene, ID",185010,"Coeur d'Alene, ID",47.6734632,-116.7812225,9609199000.0,1.12,0.006531512797725005,0.0029604616243091328,0.17391304347826103,0.0,0.3074507830736271,0.0
"College Station-Bryan, TX",281445,"College Station, TX",30.627977,-96.3344068,18180969000.0,1.1799999999999997,0.011492106593688042,0.006928884278714003,0.3043478260869559,0.015885982014143964,0.4557598284585139,3.0
"Colorado Springs, CO",768832,"Colorado Springs, CO",38.8338816,-104.8213634,47904871000.0,1.17,0.036563179631828105,0.020689986836774966,0.2826086956521737,0.21278311813798792,0.4034385330076248,0.0
"Columbia, MO",216511,"Columbia, MO",38.9517053,-92.3340724,12513823000.0,1.13,0.008151916853997434,0.004305198555436321,0.19565217391304318,0.022991761843039513,0.5895608416420575,2.0
"Columbia, SC",858302,"Columbia, SC",34.0007104,-81.0348144,54072404000.0,1.1,0.04116549546036353,0.02354533382800194,0.1304347826086958,0.13698750876830476,0.6552258032753232,4.0
"Columbus, GA-AL",323768,"Columbus, GA",32.4609764,-84.9877094,17038159000.0,1.08,0.013669191793320372,0.006399804159476036,0.08695652173913052,0.012989194250567488,0.6399400857231559,4.0
"Columbus, IN",84003,"Columbus, IN",39.2014404,-85.9213796,7978872000.0,1.0600000000000003,0.0013357363934232613,0.002205678586396551,0.043478260869565744,0.0,0.7336291056517918,2.0
"Columbus, OH",2180271,"Columbus, OH",39.9611755,-82.99879419999999,169123313000.0,1.1799999999999997,0.10916727095531309,0.07680978605729334,0.3043478260869559,0.7677688708998851,0.7379674001023159,2.0
"Corpus Christi, TX",448323,"Corpus Christi, TX",27.8005828,-97.39638099999999,28228125000.0,1.09,0.02007627179805077,0.011580357834670336,0.10869565217391315,0.08103410338094642,0.3714974660153789,3.0
"Corvallis, OR",97713,"Corvallis, OR",44.5645659,-123.2620435,5442662000.0,1.09,0.0020409755798457556,0.0010315041486400347,0.10869565217391315,0.0,0.41438529866461493,0.0
"Crestview-Fort Walton Beach-Destin, FL",304818,"Crestview, FL",30.7541808,-86.5727995,21491107000.0,1.13,0.012694408235136108,0.008461359675091464,0.19565217391304318,0.16029481527414555,0.5493116060338012,4.0
"Dallas-Fort Worth-Arlington, TX",8100037,"Dallas, TX",32.7766642,-96.79698789999999,688928266000.0,1.23,0.4136786464222383,0.3174608711140621,0.41304347826086946,6.976007143385875,0.4967382209476869,3.0
"Dalton, GA",144722,"Dalton, GA",34.7698021,-84.9702228,8726343000.0,1.05,0.004459107521095577,0.0025517309011355914,0.02173913043478263,0.0,0.7202464960893945,4.0
"Daphne-Fairhope-Foley, AL",253507,"Daphne, AL",30.6035255,-87.9036047,10811119000.0,1.09,0.010054982422260496,0.0035169075575040626,0.10869565217391315,0.0,0.6038548374411877,4.0
"Davenport-Moline-Rock Island, IA-IL",379441,"Davenport, IA",41.5236437,-90.5776367,25773796000.0,1.0600000000000003,0.016532997863757976,0.010444091368705565,0.043478260869565744,0.06984955622385856,0.6243121837499513,2.0
"Dayton-Kettering-Beavercreek, OH",814363,"Dayton, OH",39.7589478,-84.1916069,53329306000.0,1.12,0.038905283599516116,0.023201306055716527,0.17391304347826103,0.13417607423276648,0.7618560860200203,2.0
"Decatur, AL",158635,"Decatur, AL",34.6059253,-86.9833417,8038045000.0,1.1,0.005174788979935559,0.002233073567098215,0.1304347826086958,0.0,0.6783717923137064,4.0
"Decatur, IL",100591,"Decatur, IL",39.8403147,-88.9548001,8181485000.0,1.04,0.002189019225252316,0.0022994811521766566,0.0,0.00924748259796004,0.6953040209971152,2.0
"Deltona-Daytona Beach-Ormond Beach, FL",721796,"Deltona, FL",28.9005446,-81.26367379999999,28134329000.0,1.08,0.034143658816906994,0.01153693364441645,0.08695652173913052,0.0600213958705052,0.5292396381294341,4.0
"Denver-Aurora-Centennial, CO",3005131,"Denver, CO",39.7392358,-104.990251,288800471000.0,1.28,0.15159787601092642,0.1322160259613028,0.5217391304347826,5.413151902359354,0.4376499256400539,0.0
"Des Moines-West Des Moines, IA",737164,"Des Moines, IA",41.5868417,-93.6249522,67333798000.0,1.0600000000000003,0.03493418513469991,0.029684884513401667,0.043478260869565744,0.27374288959003906,0.5592809111554939,2.0
"Detroit-Warren-Dearborn, MI",4342304,"Detroit, MI",42.331427,-83.0457538,305411601000.0,1.2,0.22038174170210995,0.13990638449953519,0.3478260869565216,2.2950000501885337,0.6892628952820085,2.0
"Dothan, AL",153349,"Dothan, AL",31.2232313,-85.3904888,8409993000.0,1.1,0.004902878378956033,0.0024052721759573632,0.1304347826086958,0.009512833797632705,0.5788974995324178,4.0
"Dover, DE",189789,"Dover, DE",39.158168,-75.5243682,9919836000.0,1.1,0.0067773434375436115,0.0031042754350035827,0.1304347826086958,2.2565652543822584e-05,0.6287744932269783,1.0
"Dubuque, IA",98887,"Dubuque, IA",42.5063629,-90.6677479,8184019000.0,1.09,0.002101365864664137,0.002300654303463528,0.10869565217391315,0.0021465463508696567,0.6132093219043685,2.0
"Duluth, MN-WI",281603,"Duluth, MN",46.78667189999999,-92.1004852,16821506000.0,1.1,0.011500234076653378,0.006299501576305375,0.1304347826086958,0.026033302693304002,0.40618570979953106,2.0
"Durham-Chapel Hill, NC",608879,"Durham, NC",35.9940329,-78.898619,63949634000.0,1.15,0.028335234804268864,0.028118137729036083,0.23913043478260845,1.129699725068443,0.7038138602680502,1.0
"Eau Claire, WI",174873,"Eau Claire, WI",44.811349,-91.4984941,10838571000.0,1.05,0.006010067893803427,0.003529616850766565,0.02173913043478263,0.005482427138320679,0.5073673517235423,2.0
"El Centro, CA",179057,"El Centro, CA",32.792,-115.5630514,11064218000.0,1.11,0.006225291873088016,0.0036340833339664753,0.1521739130434784,0.007635546189856021,0.3053728259063429,0.0
"Elizabethtown, KY",127576,"Elizabethtown, KY",37.7009419,-85.8676309,7499866000.0,1.08,0.00357712130005983,0.00198391595604181,0.08695652173913052,0.0,0.6902368683377798,2.0
"Elkhart-Goshen, IN",206409,"Elkhart, IN",41.6873832,-85.973517,21094129000.0,1.0600000000000003,0.007632272341871974,0.008277573072266104,0.043478260869565744,0.0,0.8093368932733197,2.0
"Elmira, NY",81325,"Elmira, NY",42.0897965,-76.8077338,4336930000.0,1.0700000000000003,0.0011979807011373795,0.0005195898160692347,0.06521739130434837,0.01684614973258338,0.6177507657316943,1.0
"El Paso, TX",873331,"El Paso, TX",31.7618778,-106.4850217,43283173000.0,1.13,0.041938583697616896,0.018550306112138436,0.19565217391304318,0.3345953756448799,0.33669868056136165,0.0
"Enid, OK",62023,"Enid, OK",36.3955891,-97.8783911,3318617000.0,,0.00020509034546072104,4.814735103867669e-05,,0.0,0.4621211711017089,3.0
"Erie, PA",267571,"Erie, PA",42.12922409999999,-80.085059,13170571000.0,1.1,0.010778431285706592,0.0046092493689130105,0.1304347826086958,0.009866688259739437,0.6045689760131074,1.0
"Eugene-Springfield, OR",381181,"Eugene, OR",44.0520691,-123.0867536,20912752000.0,1.14,0.016622503055907876,0.008193602014271315,0.2173913043478258,0.13157556667933243,0.3329115266236672,0.0
"Evansville, IN",270717,"Evansville, IN",37.9715592,-87.5710898,25277686000.0,1.08,0.01094026078829486,0.010214410198646546,0.08695652173913052,0.03938350408523948,0.6749423819120206,2.0
"Fairbanks-College, AK",94840,"Fairbanks, AK",64.8400511,-147.7199756,6803651000.0,1.09,0.0018931891332672126,0.0016615933344203146,0.10869565217391315,0.08538231462883572,0.1061095499816896,5.0
"Fargo, ND-MN",262620,"Fargo, ND",46.8771863,-96.7898034,18792230000.0,1.0700000000000003,0.010523753006204202,0.0072118762395522165,0.06521739130434837,0.10556238492364055,0.3761834660802198,2.0
"Farmington, NM",120675,"Farmington, NM",36.72805830000001,-108.2186856,6594152000.0,1.0700000000000003,0.0032221354776308265,0.0015646027971479466,0.06521739130434837,0.0,0.3345787780821381,0.0
"Fayetteville, NC",392336,"Fayetteville, NC",35.0523673,-78.87837739999999,25960429000.0,1.09,0.017196313641213705,0.010530495766543998,0.10869565217391315,0.03736982791104586,0.6456014006568672,4.0
"Fayetteville-Springdale-Rogers, AR",590337,"Fayetteville, AR",36.0626579,-94.16058389999999,37748740000.0,1.13,0.027381438670450783,0.01598806175694856,0.19565217391304318,0.2020134720020762,0.5144340649768937,3.0
"Flagstaff, AZ",144472,"Flagstaff, AZ",35.1982836,-111.651302,9080290000.0,1.1,0.004446247579694728,0.0027155956914016208,0.1304347826086958,0.018423373530743185,0.32462170382726147,0.0
"Flint, MI",401522,"Flint, MI",43.0125274,-83.6874562,17635437000.0,1.05,0.017668839328046457,0.006676322491883185,0.02173913043478263,0.05969434352431542,0.6906205048896501,2.0
"Florence, SC",199630,"Florence, SC",34.1954331,-79.7625625,11807247000.0,1.1,0.007283562170846585,0.003978079161721979,0.1304347826086958,0.00784408351159828,0.6310084720117803,4.0
"Florence-Muscle Shoals, AL",155175,"Florence, AL",34.79981,-87.677251,6540232000.0,1.1,0.004996807390947825,0.001539639767397322,0.1304347826086958,0.0029056407191974582,0.6325076684311545,4.0
"Fond du Lac, WI",103948,"Fond du Lac, WI",43.7730448,-88.4470508,6203445000.0,1.05,0.0023617025183829002,0.0013837194428308612,0.02173913043478263,0.0,0.6701444949331213,2.0
"Fort Collins-Loveland, CO",370771,"Fort Collins, CO",40.5852602,-105.084423,25922906000.0,1.12,0.016087015095976574,0.010513123960807115,0.17391304347826103,0.00023186233884562246,0.43167439284395526,0.0
"Fort Smith, AR-OK",231280,"Fort Smith, AR",35.3843722,-94.42096459999999,12023877000.0,1.08,0.008911630752193919,0.004078371096716004,0.08695652173913052,0.013642799608964196,0.5147355552537829,3.0
"Fort Wayne, IN",457842,"Fort Wayne, IN",41.079273,-85.1393513,28564762000.0,1.08,0.020565926926829455,0.011736208714606556,0.08695652173913052,0.08886809379373224,0.7521965131896733,2.0
"Fresno, CA",1180020,"Fresno, CA",36.7377981,-119.7871247,55426932000.0,1.17,0.05771459397075536,0.02417243180207564,0.2826086956521737,0.1854313819824744,0.3949053231128052,0.0
"Gadsden, AL",103241,"Gadsden, AL",34.014264,-86.0066386,3489358000.0,1.09,0.002325334604101303,0.00012719432178517852,0.10869565217391315,0.0,0.6968265010857517,4.0
"Gainesville, FL",352126,"Gainesville, FL",29.6519563,-82.324998,19655180000.0,1.16,0.015127920666301342,0.007611391197328578,0.2608695652173911,0.06318313053005255,0.5689254469256976,4.0
"Gainesville, GA",217267,"Gainesville, GA",34.2978794,-83.8240663,15263566000.0,1.09,0.008190805316793597,0.005578231128054486,0.10869565217391315,0.0,0.6661939230312542,4.0
"Gettysburg, PA",106748,"Gettysburg, PA",39.8309293,-77.2310955,4428842000.0,,0.002505733862072396,0.0005621417817672948,,0.0,0.8068303108471373,1.0
"Glens Falls, NY",125427,"Glens Falls, NY",43.3095164,-73.6440058,8033710000.0,1.0700000000000003,0.0034665772437781415,0.0022310666172842505,0.06521739130434837,0.0,0.5148403500227996,1.0
"Goldsboro, NC",118686,"Goldsboro, NC",35.3848841,-77.9927651,6048896000.0,1.0600000000000003,0.003119821783845681,0.0013121687884367723,0.043478260869565744,4.666951732523472e-05,0.6396777368637899,1.0
"Grand Forks, ND-MN",103120,"Grand Forks, ND",47.9252568,-97.0328547,6580435000.0,1.05,0.0023191103924632924,0.0015582523171945098,0.02173913043478263,0.021502638389991904,0.34448584004024424,2.0
"Grand Island, NE",76479,"Grand Island, NE",40.9263957,-98.3420118,5387118000.0,1.04,0.0009487035970233453,0.0010057892650260011,0.0,0.013913256816872954,0.44316705341249985,2.0
"Grand Junction, CO",159681,"Grand Junction, CO",39.0638705,-108.5506486,8217566000.0,1.0600000000000003,0.005228594974756706,0.002316185363534822,0.043478260869565744,0.055034112640066545,0.334931222171325,0.0
"Grand Rapids-Wyoming-Kentwood, MI",1162950,"Grand Rapids, MI",42.9633599,-85.6680863,77296494000.0,1.13,0.05683651717190547,0.03429725611289031,0.19565217391304318,0.369844146261051,0.6870552780579903,2.0
"Grants Pass, OR",87821,"Grants Pass, OR",42.4390069,-123.3283925,3657801000.0,1.0600000000000003,0.0015321334184970092,0.00020517740079638853,0.043478260869565744,0.0,0.3130027098090553,0.0
"Great Falls, MT",84900,"Great Falls, MT",47.5052849,-111.3007715,4781280000.0,1.1,0.0013818778631695034,0.0007253079590530998,0.1304347826086958,0.03766775922586799,0.2790612566758295,0.0
"Greeley, CO",359442,"Greeley, CO",40.4233142,-104.7091322,27344358000.0,1.16,0.015504253991455752,0.011171205351109131,0.2608695652173911,0.0,0.4310472972241133,0.0
"Green Bay, WI",331882,"Green Bay, WI",44.5133188,-88.0132958,24564859000.0,1.0600000000000003,0.014086574051426288,0.009884396815707961,0.043478260869565744,0.07355361391920306,0.5770617712032435,2.0
"Greensboro-High Point, NC",789842,"Greensboro, NC",36.0726354,-79.7919754,49028583000.0,1.12,0.03764392910715536,0.021210225265690653,0.17391304347826103,0.18968553589804615,0.7377325837923525,1.0
"Greenville, NC",175119,"Greenville, NC",35.612661,-77.3663538,10920663000.0,1.12,0.006022722076141861,0.003567622508004849,0.17391304347826103,0.011778344172907589,0.5960618144287593,1.0
"Greenville-Anderson-Greer, SC",975480,"Greenville, SC",34.85261759999999,-82.3940104,57403426000.0,1.15,0.04719310431423771,0.025087477768765753,0.23913043478260845,0.24651434317654172,0.6827830004030309,4.0
"Gulfport-Biloxi, MS",421916,"Gulfport, MS",30.3674198,-89.0928155,23511141000.0,1.0700000000000003,0.01871790190776202,0.009396563103119525,0.06521739130434837,0.08002736364248107,0.5318481286680368,4.0
"Hagerstown-Martinsburg, MD-WV",305902,"Hagerstown, MD",39.6417629,-77.71999319999999,13990345000.0,1.0600000000000003,0.012750168941050183,0.004988775384320809,0.043478260869565744,0.0049405258809379436,0.7766154755486148,1.0
"Hammond, LA",138064,"Hammond, LA",30.5043583,-90.46119949999999,5446545000.0,1.05,0.004116621561708197,0.0010333018386348728,0.02173913043478263,0.0,0.5310974658344895,3.0
"Hanford-Corcoran, CA",152682,"Hanford, CA",36.3274502,-119.6456844,8145669000.0,1.09,0.0048685680552985715,0.002282899626331917,0.10869565217391315,0.0,0.4106143346394749,0.0
"Harrisburg-Carlisle, PA",606055,"Harrisburg, PA",40.2731911,-76.8867008,47815097000.0,1.1,0.028189968906204885,0.020648424688539942,0.1304347826086958,0.13361566401280064,0.79504509296765,1.0
"Harrisonburg, VA",137650,"Harrisonburg, VA",38.4495688,-78.8689155,10225778000.0,1.0600000000000003,0.004095325498748394,0.00324591562877149,0.043478260869565744,0.0,0.6931463398539572,1.0
"Hartford-West Hartford-East Hartford, CT",1151543,"Hartford, CT",41.7658043,-72.6733723,114887291000.0,1.15,0.05624974376566759,0.05170044943374874,0.23913043478260845,0.4873204530525431,0.6192833062042085,1.0
"Hattiesburg, MS",155740,"Hattiesburg, MS",31.3271189,-89.29033919999999,7900675000.0,1.09,0.005025870858513742,0.0021694761747235248,0.10869565217391315,0.00498339216279944,0.5489070083870783,4.0
"Hickory-Lenoir-Morganton, NC",370030,"Hickory, NC",35.7344538,-81.3444573,18281197000.0,1.05,0.01604889822966446,0.006975286254712623,0.02173913043478263,0.0,0.6730239209019528,4.0
"Hilton Head Island-Bluffton-Port Royal, SC",232523,"Hilton Head Island, SC",32.216316,-80.752608,12496907000.0,1.16,0.008975570380838934,0.004297367053001944,0.2608695652173911,0.017178424068495582,0.5780776022851477,4.0
"Hinesville, GA",88804,"Hinesville, GA",31.8315028,-81.6141099,4768415000.0,1.08,0.0015826987080851428,0.0007193519245994316,0.08695652173913052,0.0,0.5934137672983341,4.0
"Homosassa Springs, FL",166696,"Homosassa Springs, FL",28.8037059,-82.5761369,5663913000.0,1.08,0.005589444930464496,0.0011339354412096827,0.08695652173913052,0.0,0.5533679043258034,4.0
"Hot Springs, AR",99784,"Hot Springs, AR",34.5077615,-93.05460029999999,4199837000.0,1.09,0.002147507334410379,0.0004561206647783897,0.10869565217391315,0.00548227458645161,0.528475361262722,3.0
"Houma-Bayou Cane-Thibodaux, LA",198672,"Houma, LA",29.5957696,-90.71953479999999,10812415000.0,1.09,0.007234282875398536,0.0035175075591093443,0.10869565217391315,0.0,0.48526401122568363,3.0
"Houston-Pasadena-The Woodlands, TX",7510253,"Houston, TX",29.7600771,-95.37011079999999,633184566000.0,1.27,0.38334029570560774,0.2916535335489678,0.5,3.9666549464032674,0.44734201667596896,3.0
"Huntington-Ashland, WV-KY-OH",368261,"Huntington, WV",38.4192496,-82.44515400000002,18045678000.0,1.0600000000000003,0.01595790128431206,0.006866249388914453,0.043478260869565744,0.01352783583357009,0.6716317429591097,2.0
"Huntsville, AL",527254,"Huntsville, AL",34.7303688,-86.5861037,38100939000.0,1.14,0.02413646393689205,0.016151117285790183,0.2173913043478258,0.16995149172066715,0.6839706671375785,4.0
"Idaho Falls, ID",168322,"Idaho Falls, ID",43.4926602,-112.0407506,11247952000.0,1.1,0.00567308598933561,0.003719145598584451,0.1304347826086958,0.051275150570547656,0.3263487971625883,0.0
"Indianapolis-Carmel-Greenwood, IN",2138468,"Indianapolis, IN",39.76909,-86.158018,184394385000.0,1.17,0.10701693443379452,0.08387974571344929,0.2826086956521737,0.8778884536988565,0.7712043513801701,2.0
"Iowa City, IA",180088,"Iowa City, IA",41.6578257,-91.53461689999999,12900047000.0,1.0700000000000003,0.006278326271425112,0.004484006441237603,0.06521739130434837,0.0,0.6300342056657042,2.0
"Ithaca, NY",103558,"Ithaca, NY",42.4439614,-76.5018807,7273599000.0,1.16,0.002341641009797578,0.0018791624350369038,0.2608695652173911,0.01751828260891411,0.6143304656490105,1.0
"Jackson, MI",159424,"Jackson, MI",42.245869,-84.40134619999999,7989981000.0,1.0700000000000003,0.005215374954996635,0.0022108216557121985,0.06521739130434837,0.0,0.7332710511457364,2.0
"Jackson, MS",610257,"Jackson, MS",32.2987573,-90.1848103,34043360000.0,1.1,0.028406118801270336,0.01427260346359973,0.1304347826086958,0.12530467741576967,0.5424034097802017,4.0
"Jackson, TN",181826,"Jackson, TN",35.6145169,-88.81394689999999,10814137000.0,1.0600000000000003,0.006367728584043807,0.003518304783464511,0.043478260869565744,0.005320448766151837,0.6017485155957413,4.0
"Jacksonville, FL",1713240,"Jacksonville, FL",30.3321838,-81.65565099999999,117162018000.0,1.1899999999999997,0.08514330578579565,0.05275356660317657,0.32608695652173847,0.6110413641983683,0.54837793159855,4.0
"Jacksonville, NC",213676,"Jacksonville, NC",34.7540524,-77.4302414,10736986000.0,1.09,0.008006085118511818,0.003482586632346365,0.10869565217391315,0.030987082453212442,0.5556141472832957,4.0
"Janesville-Beloit, WI",164278,"Janesville, WI",42.6827885,-89.0187222,9277006000.0,1.0600000000000003,0.005465063577235496,0.0028066681572848523,0.043478260869565744,0.0,0.6723133661026055,2.0
"Jefferson City, MO",150733,"Jefferson City, MO",38.57670170000001,-92.1735164,9697576000.0,1.1,0.004768311952137561,0.003001377011554514,0.1304347826086958,0.0,0.582185646939343,2.0
"Johnson City, TN",213198,"Johnson City, TN",36.3134397,-82.3534727,9942621000.0,1.08,0.007981496910553398,0.003114824074337188,0.08695652173913052,0.04983829293394638,0.7087576529163326,4.0
"Johnstown, PA",130668,"Johnstown, PA",40.32674069999999,-78.9219698,5499416000.0,1.08,0.0037361730553055156,0.001057779218938012,0.08695652173913052,0.006608519820293063,0.6962382454367779,1.0
"Jonesboro, AR",136390,"Jonesboro, AR",35.835696,-90.7051346,7015801000.0,1.1,0.00403051139408812,0.0017598111897911416,0.1304347826086958,0.005534031709532768,0.5685718114339482,3.0
"Joplin, MO-KS",204787,"Joplin, MO",37.08422710000001,-94.51328099999999,9406740000.0,1.08,0.007548837042063274,0.0028667303550160748,0.08695652173913052,0.005762201920985638,0.5385138204130562,3.0
"Kahului-Wailuku, HI",164264,"Kahului, HI",20.8893016,-156.4728725,11649377000.0,1.14,0.005464343420517049,0.0039049910032143554,0.2173913043478258,0.0,,
"Kalamazoo-Portage, MI",262215,"Kalamazoo, MI",42.2917069,-85.5872286,18785711000.0,1.0600000000000003,0.010502919901134828,0.007208858175921944,0.043478260869565744,0.0,0.7345648570101196,2.0
"Kankakee, IL",105940,"Kankakee, IL",41.1200325,-87.8611531,8319646000.0,1.0700000000000003,0.002464170531464856,0.0023634447492348176,0.06521739130434837,1.2968411221660392e-05,0.7075227097196566,2.0
"Kansas City, MO-KS",2221343,"Kansas City, MO",39.0997265,-94.5785667,169501437000.0,1.15,0.11128000500817557,0.07698484393306161,0.23913043478260845,0.9415085428919111,0.5732072639135497,2.0
"Kennewick-Richland, WA",314253,"Kennewick, WA",46.2086683,-119.119948,19552976000.0,1.08,0.013179742423604103,0.007564074404067584,0.08695652173913052,0.08517526650052182,0.320710901131522,0.0
"Killeen-Temple, TX",501333,"Killeen, TX",31.1171194,-97.72779589999999,24104514000.0,1.08,0.022803093772686543,0.009671273560319401,0.08695652173913052,0.01995090450443041,0.4519690490748576,3.0
"Kingsport-Bristol, TN-VA",313025,"Kingsport, TN",36.548434,-82.5618186,17596167000.0,1.05,0.013116574391443139,0.006658141887686097,0.02173913043478263,0.0,0.7040250822941447,4.0
"Kingston, NY",182333,"Kingston, NY",41.9270367,-73.9973608,9052826000.0,1.05,0.006393808545204726,0.002702880842568699,0.02173913043478263,1.1282826271911292e-05,0.5813210083681,1.0
"Kiryas Joel-Poughkeepsie-Newburgh, NY",704620,"Kiryas Joel, NY",41.3420381,-74.167924,42861273000.0,1.08,0.03326012940290315,0.018354981515480637,0.08695652173913052,0.012727535871477536,0.6044999852458293,1.0
"Knoxville, TN",946264,"Knoxville, TN",35.9606384,-83.9207392,58892855000.0,1.14,0.04569024012236903,0.025777030076600375,0.2173913043478258,0.2624049606257329,0.6849089095277111,4.0
"Kokomo, IN",83831,"Kokomo, IN",40.486427,-86.13360329999999,5078730000.0,1.05,0.001326888753739478,0.0008630166608209643,0.02173913043478263,0.0,0.7462363846974533,2.0
"La Crosse-Onalaska, WI-MN",170238,"La Crosse, WI",43.8137751,-91.25190169999999,9692924000.0,1.08,0.005771644580231708,0.00299922330208864,0.08695652173913052,0.008867770102487583,0.5375331595340735,2.0
"Lafayette, LA",414288,"Lafayette, LA",30.2240897,-92.0198427,24995703000.0,1.11,0.01832551937573935,0.010083862164184929,0.1521739130434784,0.05682095833341075,0.49714070259771587,3.0
"Lafayette-West Lafayette, IN",226564,"Lafayette, IN",40.4167022,-86.87528689999999,14002358000.0,1.09,0.008669040817608326,0.004994336973274708,0.10869565217391315,0.0005854441690783972,0.735269105198499,2.0
"Lake Charles, LA",240082,"Lake Charles, LA",30.2265949,-93.2173758,18573674000.0,1.14,0.009364403569034969,0.007110692635505899,0.2173913043478258,0.022059667000037583,0.47556183178176137,3.0
"Lake Havasu City-Kingman, AZ",223682,"Lake Havasu City, AZ",34.483901,-114.3224548,7714869000.0,1.0700000000000003,0.008520791413139352,0.0020834546482798207,0.06521739130434837,1.1282826271911292e-05,0.3097254845666094,0.0
"Lakeland-Winter Haven, FL",818330,"Lakeland, FL",28.0394654,-81.9498042,37305232000.0,1.11,0.03910934514966477,0.01578273342982245,0.1521739130434784,8.290959374484038e-05,0.5431767563824852,4.0
"Lancaster, PA",558589,"Lancaster, PA",40.0378755,-76.3055144,36311941000.0,1.12,0.025748328992074316,0.01532287525504449,0.17391304347826103,0.01065274866364141,0.7785189013146492,1.0
"Lansing-East Lansing, MI",473177,"Lansing, MI",42.732535,-84.5555347,32633108000.0,1.08,0.02135475573235746,0.013619707272355707,0.08695652173913052,0.028084110062011388,0.7139849128658868,2.0
"Laredo, TX",269148,"Laredo, TX",27.5035613,-99.5075519,17010397000.0,1.21,0.01085955179606314,0.006386951347311035,0.3695652173913042,0.03646482583086663,0.34278072500051016,3.0
"Las Cruces, NM",225210,"Las Cruces, NM",32.3199396,-106.7636538,9336449000.0,1.09,0.008599391374981334,0.00283418813832095,0.10869565217391315,0.0028106883943019973,0.3393276307283608,0.0
"Las Vegas-Henderson-North Las Vegas, NV",2336573,"Las Vegas, NV",36.171563,-115.1391009,160727901000.0,1.22,0.11720740919865436,0.0729230108435554,0.39130434782608686,3.9139642639268706,0.31716838347315257,0.0
"Lawrence, KS",120553,"Lawrence, KS",38.9716689,-95.2352501,6176139000.0,1.0700000000000003,0.0032158598262272127,0.0013710777423417931,0.06521739130434837,0.0,0.57371512397718,2.0
"Lawton, OK",127001,"Lawton, OK",34.6035669,-98.39592909999999,6198323000.0,1.0600000000000003,0.0035475434348378795,0.0013813481401902324,0.043478260869565744,0.012345731397240855,0.468960454205514,3.0
"Lebanon, PA",144252,"Lebanon, PA",40.3409251,-76.4113497,7510378000.0,1.1,0.004434930831261983,0.001988782635729098,0.1304347826086958,0.0,0.7649485371890553,1.0
"Lewiston, ID-WA",65536,"Lewiston, ID",46.4004089,-117.0011889,3640528000.0,1.05,0.0003857982420254346,0.0001971806201420388,0.02173913043478263,0.013402065371698253,0.29476500363109276,0.0
"Lewiston-Auburn, ME",113765,"Lewiston, ME",44.100351,-70.21477639999999,6001437000.0,1.0600000000000003,0.0028666866973113925,0.0012901969703927277,0.043478260869565744,3.1836369767442636e-05,0.40083686292115694,1.0
"Lexington-Fayette, KY",520045,"Lexington, KY",38.0405837,-84.5037164,35670220000.0,1.1799999999999997,0.023765634666657202,0.015025781404625342,0.3043478260869559,0.14046745611290812,0.6825940788506046,2.0
"Lexington Park, MD",210009,"Lexington Park, MD",38.2575517,-76.4620928,8848546000.0,1.11,0.007817455498044183,0.002608306515464515,0.1521739130434784,0.0,0.6058269869242209,1.0
"Lima, OH",100838,"Lima, OH",40.742551,-84.1052256,10789408000.0,1.0700000000000003,0.0022017248473563534,0.0035068561417229828,0.06521739130434837,0.0,0.7428197548344166,2.0
"Lincoln, NE",344387,"Lincoln, NE",40.8136634,-96.7025764,25458730000.0,1.09,0.014729828320296696,0.0102982270895622,0.10869565217391315,0.03178300731657605,0.491876186458641,2.0
"Little Rock-North Little Rock-Conway, AR",764045,"Little Rock, AR",34.7444618,-92.2880157,47322282000.0,1.15,0.036316937473884675,0.020420268985525215,0.23913043478260845,0.21425980514907456,0.5468929041260607,3.0
"Logan, UT-ID",157887,"Logan, UT",41.7369803,-111.8338359,8009135000.0,1.1,0.005136312035264223,0.0022196892720297698,0.1304347826086958,2.6958766304577927e-05,0.35553877026970476,0.0
"Longview, TX",293498,"Longview, TX",32.5007037,-94.74048909999999,20258872000.0,1.12,0.012112110088505717,0.007890878982124832,0.17391304347826103,0.008921035514667204,0.5285365929803145,3.0
"Longview-Kelso, WA",112864,"Longview, WA",46.1381676,-122.9381672,6626368000.0,1.0700000000000003,0.002820339468502737,0.0015795176518669028,0.06521739130434837,0.0,0.3206518895460606,0.0
"Los Angeles-Long Beach-Anaheim, CA",12799100,"Los Angeles, CA",34.0549076,-118.242643,1227469203000.0,1.5,0.6553973456978069,0.5667860460447037,1.0,4.0179871825637585,0.3380334407296365,0.0
"Louisville/Jefferson County, KY-IN",1365557,"Louisville, KY",38.2526647,-85.7584557,90835739000.0,1.1799999999999997,0.06725857376151177,0.04056544186467062,0.3043478260869559,0.4295580579659263,0.7144902729588292,2.0
"Lubbock, TX",360104,"Lubbock, TX",33.5778239,-101.8552934,18116161000.0,1.09,0.015538307116285196,0.006898880494736286,0.10869565217391315,0.10653796824579434,0.39761611085254644,3.0
"Lynchburg, VA",264590,"Lynchburg, VA",37.4137536,-79.14224639999999,12464078000.0,1.11,0.010625089344442883,0.004282168401227403,0.1521739130434784,0.01841455738008255,0.6738435091123252,1.0
"Macon-Bibb County, GA",236074,"Macon, GA",32.8406946,-83.6324022,12760392000.0,1.0700000000000003,0.009158232988496577,0.004419351175662243,0.06521739130434837,0.006256803654163967,0.6666465012154603,4.0
"Madison, WI",694345,"Madison, WI",43.0721661,-89.4007501,60909109000.0,1.17,0.032731585811328304,0.026710483499946366,0.2826086956521737,0.2057947621128542,0.642284993637077,2.0
"Manchester-Nashua, NH",427354,"Manchester, NH",42.9956397,-71.4547891,34533202000.0,1.09,0.018997631353113262,0.01449938277404308,0.10869565217391315,0.0,0.4671938369810365,1.0
"Manhattan, KS",132831,"Manhattan, KS",39.18360819999999,-96.57166939999999,8456739000.0,1.0700000000000003,0.0038474372683056507,0.0024269139005256624,0.06521739130434837,0.02000510433403738,0.5017717049531345,3.0
"Mankato, MN",104248,"Mankato, MN",44.1661456,-94.0055647,6830555000.0,1.1,0.002377134448063918,0.0016740489233003368,0.1304347826086958,0.0,0.4795406208569691,2.0
"Mansfield, OH",125064,"Mansfield, OH",40.75839,-82.5154471,5493751000.0,1.0700000000000003,0.0034479046088641105,0.0010551565267359112,0.06521739130434837,2.2565652543822584e-05,0.7143038778774484,1.0
"McAllen-Edinburg-Mission, TX",898471,"McAllen, TX",26.2034071,-98.23001239999999,27685464000.0,1.14,0.04323177940488615,0.011329125218062331,0.2173913043478258,0.09465240262047336,0.32711309778459696,3.0
"Medford, OR",220768,"Medford, OR",42.3265152,-122.8755949,12023901000.0,1.1,0.00837089593617107,0.004078382207856842,0.1304347826086958,0.08797963719844866,0.31767291088802413,0.0
"Memphis, TN-MS-AR",1335674,"Memphis, TN",35.1495343,-90.0489801,96182860000.0,1.13,0.06572139924598563,0.04304096746932917,0.19565217391304318,0.416247961893429,0.5855887900255565,3.0
"Merced, CA",291920,"Merced, CA",37.3021632,-120.4829677,11560438000.0,1.17,0.012030938138383566,0.0038638154300876717,0.2826086956521737,0.004910326617630162,0.3938481725429256,0.0
"Miami-Fort Lauderdale-West Palm Beach, FL",6183199,"Miami, FL",25.7616798,-80.1917902,483754676000.0,1.34,0.31507694900256494,0.22247284382896504,0.6521739130434784,5.577782493762553,0.36314436320424187,4.0
"Michigan City-La Porte, IN",111706,"Michigan City, IN",41.70753939999999,-86.8950297,5286067000.0,1.04,0.00276077221993401,0.000959006269489459,0.0,0.0,0.7516240083216478,2.0
"Midland, MI",84039,"Midland, MI",43.6155825,-84.2472116,7046843000.0,1.04,0.0013375882249849833,0.0017741825245374118,0.0,0.0,0.6701107082193096,2.0
"Midland, TX",182324,"Midland, TX",31.9973456,-102.0779146,55015425000.0,1.11,0.006393345587314295,0.02398191879236514,0.1521739130434784,0.15025298577673604,0.4265750218240335,3.0
"Milwaukee-Waukesha, WI",1560424,"Milwaukee, WI",43.0389025,-87.9064736,120562995000.0,1.16,0.07728248656534782,0.05432809720466377,0.2608695652173911,0.5478996831437033,0.6825790907370641,2.0
"Minneapolis-St. Paul-Bloomington, MN-WI",3712020,"Minneapolis, MN",44.977753,-93.2650108,323972835000.0,1.24,0.18796008047854207,0.14849957137917733,0.4347826086956521,2.4283061692636667,0.484770063057008,2.0
"Missoula, MT",126939,"Missoula, MT",46.8721284,-113.9940314,7710069000.0,1.12,0.0035443541693704695,0.0020812324201121093,0.17391304347826103,0.06808202447113759,0.28267130363548854,0.0
"Mobile, AL",411640,"Mobile, AL",30.6953657,-88.0398912,27360640000.0,1.12,0.01818930687642157,0.01117874333423969,0.17391304347826103,0.06645948434415691,0.6080723672663322,4.0
"Modesto, CA",551430,"Modesto, CA",37.6392595,-120.9970014,28673725000.0,1.2,0.025380071710119637,0.01178665468290621,0.3478260869565216,2.3914120503621863e-05,0.42047969285212383,0.0
"Monroe, LA",221885,"Monroe, LA",32.5093109,-92.1193012,9650099000.0,1.11,0.008428354154350058,0.00297939686015484,0.1521739130434784,0.0229101698663478,0.5225048387660607,3.0
"Monroe, MI",155045,"Monroe, MI",41.9164343,-83.3977101,7118880000.0,1.05,0.004990120221419384,0.0018075330767285418,0.02173913043478263,0.0,0.7450860416051267,2.0
"Montgomery, AL",385480,"Montgomery, AL",32.3792233,-86.3077368,22079644000.0,1.09,0.016843642608236856,0.00873383123741237,0.10869565217391315,0.0424771690987142,0.6267759934958902,4.0
"Morgantown, WV",141817,"Morgantown, WV",39.629526,-79.95589679999999,9656788000.0,1.08,0.004309675002017725,0.0029824936276993865,0.08695652173913052,0.013604056286550564,0.676063810057856,1.0
"Morristown, TN",124054,"Morristown, TN",36.2139814,-83.29489219999999,6730247000.0,1.0700000000000003,0.0033959504456046855,0.0016276099101655884,0.06521739130434837,0.0,0.6848532600527729,4.0
"Mount Vernon-Anacortes, WA",131417,"Mount Vernon, WA",48.4201105,-122.3374542,8772870000.0,1.1,0.0037747014397424557,0.002573271236543739,0.1304347826086958,0.0,0.30408435038104586,0.0
"Muncie, IN",112321,"Muncie, IN",40.1933767,-85.3863599,5102380000.0,1.0600000000000003,0.0027924076757800957,0.000873965764188959,0.043478260869565744,0.0,0.7330446063385755,2.0
"Muskegon-Norton Shores, MI",176564,"Muskegon, MI",43.2341813,-86.24839209999999,7408317000.0,1.0600000000000003,0.006097052537438761,0.0019415320463489333,0.043478260869565744,0.006890288309526141,0.6564273888510004,2.0
"Myrtle Beach-Conway-North Myrtle Beach, SC",397478,"Myrtle Beach, SC",33.6954218,-78.8802094,25132236000.0,1.12,0.017460816915946344,0.010147072055522875,0.17391304347826103,0.24200692625305775,0.5617552831669956,4.0
"Napa, CA",133216,"Napa, CA",38.2975381,-122.286865,13165651000.0,1.24,0.0038672415780629564,0.004606971585041106,0.4347826086956521,7.174236151086559e-05,0.4557531255462069,0.0
"Naples-Marco Island, FL",404310,"Naples, FL",26.1420358,-81.7948103,28083165000.0,,0.017812253394548713,0.011513246544005453,,0.0003487668563508082,0.4090819239907839,4.0
"Nashville-Davidson--Murfreesboro--Franklin, TN",2102573,"Nashville, TN",36.1626638,-86.7816016,187781084000.0,1.23,0.1051705040474608,0.08544766611206596,0.41304347826086946,1.844791062137813,0.6802800376631649,4.0
"New Haven, CT",568158,"New Haven, CT",41.308274,-72.9278835,61456416000.0,1.16,0.026240556109133166,0.026963867048235033,0.2608695652173911,0.07957523300172438,0.6239485580521813,1.0
"New Orleans-Metairie, LA",962165,"New Orleans, LA",29.95106579999999,-90.0715323,94030686000.0,1.29,0.046508183835228555,0.042044587951700824,0.5434782608695653,1.1153596310396403,0.5173539059320682,3.0
"New York-Newark-Jersey City, NY-NJ",19498249,"New York, NY",40.7127753,-74.0059728,2163208840000.0,1.32,1.0,1.0,0.6086956521739132,7.544420903268044,0.6281900717790858,1.0
"Niles, MI",152261,"Niles, MI",41.8297694,-86.2541768,9029909000.0,,0.004846911913979544,0.0026922710919604818,,0.0,0.8443257273198926,2.0
"North Port-Bradenton-Sarasota, FL",910108,"North Port, FL",27.044224,-82.2359254,49368638000.0,1.0700000000000003,0.043830383957212816,0.021367658557267966,0.06521739130434837,0.4548570146800166,0.5071144290735117,4.0
"Norwich-New London-Willimantic, CT",279634,"Norwich, CT",41.5242649,-72.07591049999999,22048687000.0,1.0700000000000003,0.0113989491781803,0.008719499254623238,0.06521739130434837,1.1788501756836022e-05,0.5637109408386267,1.0
"Ocala, FL",409959,"Ocala, FL",29.1871986,-82.14009229999999,14033450000.0,1.11,0.01810283663044227,0.005008731456231058,0.1521739130434784,0.00019501065802701522,0.5873826133873697,4.0
"Odessa, TX",164494,"Odessa, TX",31.8456816,-102.3676431,14191593000.0,1.09,0.0054761745666058285,0.0050819460039657205,0.10869565217391315,0.0,0.41697337667641243,3.0
"Ogden, UT",658133,"Ogden, UT",41.223,-111.9738304,39167850000.0,1.11,0.030868849019298296,0.016645058885090415,0.1521739130434784,2.6958766304577927e-05,0.3723144734798612,0.0
"Oklahoma City, OK",1477926,"Oklahoma City, OK",35.4675602,-97.5164276,94741711000.0,1.1899999999999997,0.07303880878259925,0.04237376707314811,0.32608695652173847,0.39530050269058264,0.4851537470372059,3.0
"Olympia-Lacey-Tumwater, WA",299003,"Olympia, WA",47.0378741,-122.9006951,17926804000.0,1.09,0.012395285998152386,0.006811214982412678,0.10869565217391315,0.0,0.3151648286317113,0.0
"Omaha, NE-IA",983969,"Omaha, NE",41.2565369,-95.9345034,85021025000.0,1.1799999999999997,0.0476297764844449,0.03787343744009026,0.3043478260869559,0.4411916743259044,0.5095352086204424,2.0
"Orlando-Kissimmee-Sanford, FL",2817933,"Orlando, FL",28.5383832,-81.3789269,194472288000.0,1.22,0.1419684547695028,0.08854545402971242,0.39130434782608686,4.119093443555467,0.5569145146282559,4.0
"Oshkosh-Neenah, WI",171735,"Oshkosh, WI",44.0247062,-88.5426136,12397611000.0,1.05,0.005848649909339985,0.004251396559639221,0.02173913043478263,0.0,0.6747350655435972,2.0
"Owensboro, KY",112512,"Owensboro, KY",37.7719074,-87.1111676,6742348000.0,1.08,0.002802232671010343,0.0016332122399692292,0.08695652173913052,0.004786449500017656,0.6761179640975743,2.0
"Oxnard-Thousand Oaks-Ventura, CA",829590,"Oxnard, CA",34.1975048,-119.1770516,62328544000.0,1.17,0.039688556910358955,0.02736763109145374,0.2826086956521737,3.367992032075896e-05,0.3204622622789953,0.0
"Palm Bay-Melbourne-Titusville, FL",643979,"Palm Bay, FL",28.0344621,-80.5886646,34625829000.0,1.08,0.030140770576947896,0.014542265759145289,0.08695652173913052,0.05349909720215583,0.5155143248997026,4.0
"Panama City-Panama City Beach, FL",216371,"Panama City, FL",30.1588129,-85.6602058,11683097000.0,1.14,0.008144715286812959,0.003920602156092527,0.2173913043478258,0.14436923376891897,0.5186046701775548,4.0
"Parkersburg-Vienna, WV",88052,"Parkersburg, WV",39.2667418,-81.56151349999999,4353752000.0,1.0700000000000003,0.0015440160043513926,0.0005273777998686599,0.06521739130434837,0.004884781732168926,0.6758312217584236,1.0
"Pensacola-Ferry Pass-Brent, FL",530090,"Pensacola, FL",30.42130899999999,-87.2169149,27079985000.0,1.13,0.024282347112143266,0.011048810116237807,0.19565217391304318,0.24884034029805605,0.5473241839090683,4.0
"Peoria, IL",362240,"Peoria, IL",40.6936488,-89.5889864,26281554000.0,1.0600000000000003,0.01564818245561404,0.010679165145784897,0.043478260869565744,0.06633775943903523,0.6645139021634684,2.0
"Philadelphia-Camden-Wilmington, PA-NJ-DE-MD",6246160,"Philadelphia, PA",39.9525839,-75.1652215,518485094000.0,1.23,0.31831564808472007,0.23855178406979635,0.41304347826086946,1.9975034832937697,0.7020645334602857,1.0
"Phoenix-Mesa-Chandler, AZ",5070110,"Phoenix, AZ",33.4483771,-112.0740373,362086516000.0,1.22,0.25781991174685176,0.16614484127362858,0.39130434782608686,4.04597392480535,0.3188882706666197,0.0
"Pittsburgh, PA",2422725,"Pittsburgh, PA",40.44062479999999,-79.9958864,181485344000.0,1.16,0.12163904788491772,0.08253296386944362,0.2608695652173911,0.7951949572054378,0.7174508932156144,1.0
"Pittsfield, MA",126818,"Pittsfield, MA",42.4500845,-73.2453824,8154631000.0,1.08,0.003538129957732459,0.0022870487115067145,0.08695652173913052,3.334280333080914e-05,0.5677935009828096,1.0
"Pocatello, ID",90400,"Pocatello, ID",42.8621042,-112.4506191,4229137000.0,1.0600000000000003,0.0016647965739881555,0.00046968551588546126,0.043478260869565744,0.008249972367497863,0.3407119391830067,0.0
"Portland-South Portland, ME",566329,"Portland, ME",43.6590993,-70.2568189,43764270000.0,1.08,0.026146472777844564,0.018773036800638736,0.08695652173913052,0.1556676766749038,0.4210503007225996,1.0
"Portland-Vancouver-Hillsboro, OR-WA",2508050,"Portland, OR",45.515232,-122.6783853,204319374000.0,1.33,0.1260281458850271,0.09310430233785334,0.6304347826086958,1.1026184032089534,0.3427418483138222,0.0
"Port St. Lucie, FL",536901,"Port St. Lucie, FL",27.2730492,-80.3582261,24145603000.0,1.1,0.024632703355667966,0.009690296296399212,0.1304347826086958,0.0,0.45398537242232107,4.0
"Prescott Valley-Prescott, AZ",249081,"Prescott Valley, AZ",34.6096777,-112.315259,9797212000.0,1.11,0.009827310019699886,0.003047504912745783,0.1521739130434784,0.007948190031911877,0.316601364633892,0.0
"Providence-Warwick, RI-MA",1677803,"Providence, RI",41.8239891,-71.4128343,105570771000.0,1.15,0.08332043481210828,0.0473872341901974,0.23913043478260845,0.30767823957749063,0.5333984916175856,1.0
"Provo-Orem-Lehi, UT",732197,"Provo, UT",40.2338438,-111.6585337,40760880000.0,1.12,0.03467868381894787,0.017382574747175677,0.17391304347826103,0.04738778032748963,0.3521681645156901,0.0
"Pueblo, CO",169422,"Pueblo, CO",38.2705996,-104.6101033,7836211000.0,1.15,0.005729669731499341,0.002139631650431161,0.23913043478260845,0.004283229170045243,0.39154883732733387,0.0
"Punta Gorda, FL",206134,"Punta Gorda, FL",26.9297836,-82.0453664,7714344000.0,,0.007618126406331042,0.0020832115920739773,,0.16306844947864022,0.520841100187549,4.0
"Racine-Mount Pleasant, WI",196613,"Racine, WI",42.7261309,-87.78285230000002,9908883000.0,1.0700000000000003,0.007128368398021154,0.0030992045881033862,0.06521739130434837,2.4588354483521505e-05,0.6646532807022567,2.0
"Raleigh-Cary, NC",1509231,"Raleigh, NC",35.7795897,-78.6381787,119675296000.0,1.13,0.0746491306448134,0.05391712434586185,0.19565217391304318,0.0,0.6861976173772492,1.0
"Rapid City, SD",155974,"Rapid City, SD",44.0805434,-103.2310149,8459109000.0,1.08,0.005037907763664935,0.00242801112568347,0.08695652173913052,0.0605737797678282,0.33975868213085686,0.0
"Reading, PA",432821,"Reading, PA",40.3356483,-75.9268747,23750502000.0,1.11,0.019278852551667,0.009507378677380267,0.1521739130434784,0.00013292909518675794,0.7388147869623505,1.0
"Redding, CA",180366,"Redding, CA",40.5865396,-122.3916754,9920685000.0,1.0700000000000003,0.006292626526262855,0.0031046684916107466,0.06521739130434837,0.018018280997234275,0.317071578098567,0.0
"Reno, NV",564782,"Reno, NV",39.529919,-119.8142691,40094964000.0,1.1899999999999997,0.026066895460456117,0.01707427947789866,0.32608695652173847,0.3782589970571091,0.349499567527162,0.0
"Richmond, VA",1349732,"Richmond, VA",37.5407246,-77.4360481,109512938000.0,1.1,0.0664445394708381,0.04921231638795204,0.1304347826086958,0.41922653547649363,0.6312694225629695,1.0
"Riverside-San Bernardino-Ontario, CA",4688053,"Riverside, CA",33.9806005,-117.3754942,237912621000.0,1.37,0.23816698921971688,0.10865677311457955,0.7173913043478263,0.48931606857092147,0.32804402584040543,0.0
"Roanoke, VA",314314,"Roanoke, VA",37.2709704,-79.9414266,19935870000.0,1.09,0.01318288024930591,0.007741340619077518,0.10869565217391315,0.0,0.6888176320429766,1.0
"Rochester, MN",229077,"Rochester, MN",44.0121221,-92.4801989,16500093000.0,1.12,0.008798308948569648,0.006150698863374412,0.17391304347826103,0.024727708437506605,0.5236985760352451,2.0
"Rochester, NY",1052087,"Rochester, NY",43.15657789999999,-77.6088465,75085365000.0,1.11,0.051133750437816705,0.03327358254075625,0.1521739130434784,0.23438734920940796,0.5512847350121408,1.0
"Rockford, IL",334124,"Rockford, IL",42.2711311,-89.0939952,18128610000.0,1.0600000000000003,0.014201902005909092,0.006904643936082086,0.043478260869565744,0.0,0.6660931425779008,2.0
"Rocky Mount, NC",145383,"Rocky Mount, NC",35.9382103,-77.7905339,8097255000.0,1.04,0.004493109206159418,0.002260485677475338,0.0,0.0,0.6326969063637797,1.0
"Rome, GA",100113,"Rome, GA",34.257038,-85.1646726,4947341000.0,1.1,0.0021644310172938947,0.0008021882573360829,0.1304347826086958,0.0,0.6911394395153379,4.0
"Sacramento-Roseville-Folsom, CA",2420608,"Sacramento, CA",38.5815719,-121.4943996,176275525000.0,1.25,0.12153014990113534,0.08012100417559405,0.45652173913043476,0.8854622381921844,0.41690714471026513,0.0
"Saginaw, MI",187782,"Saginaw, MI",43.4194699,-83.9508068,10090940000.0,1.05,0.006674103827977605,0.003183490461755268,0.02173913043478263,0.0,0.7053391731034714,2.0
"St. Cloud, MN",202577,"St. Cloud, MN",45.5579451,-94.16324039999999,12943004000.0,1.0600000000000003,0.007435155160079779,0.004503893994446016,0.043478260869565744,0.0060286432607057445,0.44077712947059444,2.0
"St. George, UT",202452,"St. George, UT",37.0965278,-113.5684164,9561278000.0,1.08,0.007428725189379355,0.002938275916803946,0.08695652173913052,0.03483339516840783,0.31049229481821794,0.0
"St. Joseph, MO-KS",118475,"St. Joseph, MO",39.7674578,-94.84668099999999,6873162000.0,1.08,0.0031089679933033656,0.0016937744390381868,0.08695652173913052,0.0,0.5466058178530425,2.0
"St. Louis, MO-IL",2796999,"St. Louis, MO",38.6270025,-90.19940419999999,209935558000.0,1.14,0.14089161471636139,0.09570439447948875,0.2173913043478258,1.2327235896749413,0.6232193520769426,2.0
"Salem, OR",436546,"Salem, OR",44.9428975,-123.0350963,24074818000.0,1.13,0.019470465678539634,0.009657525375388493,0.19565217391304318,0.0018825625619561322,0.3702693602860534,0.0
"Salinas, CA",430723,"Salinas, CA",36.6777372,-121.6555013,33248856000.0,1.16,0.019170931923431087,0.01390477655356653,0.2608695652173911,0.0,0.3721202213901602,0.0
"Salisbury, MD",129710,"Salisbury, MD",38.3606736,-75.5993692,28573071000.0,1.09,0.0036868937598574666,0.011740055484157704,0.10869565217391315,0.015590700624838073,0.5745096012682611,1.0
"Salt Lake City-Murray, UT",1267864,"Salt Lake City, UT",40.7607793,-111.8910474,135409299000.0,1.1799999999999997,0.062233268740419664,0.06120140448283171,0.3043478260869559,2.0565584502510315,0.3721758080996783,0.0
"San Angelo, TX",120606,"San Angelo, TX",31.4637723,-100.4370375,9237764000.0,1.09,0.0032185861338041924,0.0027885005160854085,0.10869565217391315,0.012726166992631677,0.4052427924941103,3.0
"San Antonio-New Braunfels, TX",2703999,"San Antonio, TX",29.4251905,-98.4945922,163060744000.0,1.21,0.136107716515246,0.0740030336405238,0.3695652173913042,0.8388062231741311,0.4067166354968025,3.0
"San Diego-Chula Vista-Carlsbad, CA",3269973,"San Diego, CA",32.715738,-117.1610838,295644871000.0,1.29,0.16522128641285977,0.13538473814277857,0.5434782608695653,1.79144929764625,0.2983715984818457,0.0
"San Francisco-Oakland-Fremont, CA",4566961,"San Francisco, CA",37.7749295,-122.4194155,729104843000.0,1.48,0.231938045123271,0.3360611880081507,0.9565217391304347,2.969834073354361,0.4165237351969202,0.0
"San Jose-Sunnyvale-Santa Clara, CA",1945767,"San Jose, CA",37.33874,-121.8852525,403513248000.0,1.35,0.09710444016225542,0.18532393517917659,0.6739130434782611,0.7469094858195392,0.409366929299683,0.0
"San Luis Obispo-Paso Robles, CA",281639,"San Luis Obispo, CA",35.2827524,-120.6596156,21712946000.0,1.1,0.0115020859082151,0.008564063190611657,0.1304347826086958,0.06821204090863561,0.3421775190219171,0.0
"Santa Cruz-Watsonville, CA",261547,"Santa Cruz, CA",36.9741171,-122.0307963,19175929000.0,1.33,0.010468558137711763,0.007389515140744444,0.6304347826086958,1.1619943261861111e-05,0.3913657863302378,0.0
"Santa Fe, NM",155956,"Santa Fe, NM",35.6869752,-105.937799,8797344000.0,1.11,0.005036981847884074,0.0025846018224138572,0.1521739130434784,0.035139147829865824,0.3598355162544912,0.0
"Santa Maria-Santa Barbara, CA",441257,"Santa Maria, CA",34.9530337,-120.4357191,36081257000.0,1.09,0.01971279841429721,0.015216076821161087,0.10869565217391315,0.11455850048837957,0.33690381418102333,0.0
"Santa Rosa-Petaluma, CA",481812,"Santa Rosa, CA",38.440429,-122.7140548,36876932000.0,1.1899999999999997,0.02179893810834274,0.015584445862274369,0.32608695652173847,0.03928185326019736,0.37667318616818224,0.0
"Savannah, GA",424935,"Savannah, GA",32.0808989,-81.091203,29451859000.0,1.12,0.018873198560118657,0.01214690286895911,0.17391304347826103,0.35014560274780554,0.6068927905786974,4.0
"Scranton--Wilkes-Barre, PA",569413,"Scranton, PA",41.408969,-75.66241219999999,32328331000.0,1.0700000000000003,0.026305113014965423,0.01347860643188267,0.06521739130434837,0.04124901100084809,0.6490374705604409,1.0
"Seattle-Tacoma-Bellevue, WA",4044837,"Seattle, WA",47.6061389,-122.3328481,517803332000.0,1.32,0.20508010894736595,0.23823615266978068,0.6086956521739132,2.84686679901589,0.3162031365217909,0.0
"Sebastian-Vero Beach-West Vero Corridor, FL",169795,"Sebastian, FL",27.816415,-80.4706078,9572794000.0,1.08,0.005748856764069406,0.0029436074125496468,0.08695652173913052,0.012405279168921991,0.5106545901887558,4.0
"Sebring, FL",107614,"Sebring, FL",27.495592,-81.440907,3214619000.0,1.09,0.002550280699084933,0.0,0.10869565217391315,1.1282826271911292e-05,0.4859418706949109,4.0
"Sheboygan, WI",117752,"Sheboygan, WI",43.7508284,-87.71453,8087067000.0,1.04,0.0030717770427721135,0.0022557689981893706,0.0,0.0,0.6205390602722849,2.0
"Sherman-Denison, TX",146907,"Sherman, TX",33.6356618,-96.6088805,6330800000.0,1.0600000000000003,0.004571503408938986,0.0014426802487264617,0.043478260869565744,0.0,0.4898388259906119,3.0
"Shreveport-Bossier City, LA",383295,"Shreveport, LA",32.5251516,-93.7501789,27362633000.0,1.09,0.016731246720393445,0.011179666021893492,0.10869565217391315,0.07113966374358194,0.520812040791576,3.0
"Sierra Vista-Douglas, AZ",124640,"Sierra Vista, AZ",31.5455001,-110.2772856,5697691000.0,1.0700000000000003,0.003426094148248273,0.0011495734460115483,0.06521739130434837,0.0,0.2958776737243376,0.0
"Sioux City, IA-NE-SD",144402,"Sioux City, IA",42.4963416,-96.40494079999999,10918459000.0,1.0600000000000003,0.004442646796102491,0.003566602134904508,0.043478260869565744,0.007913899434959664,0.47490135931350497,2.0
"Sioux Falls, SD-MN",304555,"Sioux Falls, SD",43.5460223,-96.731265,27769716000.0,1.08,0.012680879576782414,0.011368130877976085,0.08695652173913052,0.130894711520277,0.43495130492498457,2.0
"South Bend-Mishawaka, IN-MI",324490,"South Bend, IN",41.6763545,-86.25198979999999,19041752000.0,1.0700000000000003,0.01370633130408602,0.007327395993065484,0.06521739130434837,0.09350910089422365,0.8565735660247681,2.0
"Spartanburg, SC",383327,"Spartanburg, SC",34.9515959,-81.9327167,19484900000.0,1.09,0.016732892792892754,0.007532557653079018,0.10869565217391315,0.0,0.6820469923891951,4.0
"Spokane-Spokane Valley, WA",600292,"Spokane, WA",47.6579711,-117.4235319,35688797000.0,1.15,0.02789352153703254,0.015034381890598586,0.23913043478260845,0.3464143838588746,0.3113909634744768,0.0
"Springfield, IL",205445,"Springfield, IL",39.78172130000001,-89.6501481,13952014000.0,1.0600000000000003,0.007582684407830305,0.004971029503509028,0.043478260869565744,0.013984647757432269,0.6593040234527855,2.0
"Springfield, MA",460291,"Springfield, MA",42.1014831,-72.589811,40110493000.0,1.09,0.02069190291279216,0.017081468848985405,0.10869565217391315,0.0,0.5964851389806066,1.0
"Springfield, MO",491053,"Springfield, MO",37.2089572,-93.29229889999999,26687316000.0,1.16,0.022274292982283683,0.01086701842615717,0.2608695652173911,0.13070362889826317,0.550385026692331,3.0
"Springfield, OH",134610,"Springfield, OH",39.9242266,-83.8088171,5499865000.0,1.04,0.003938948611314084,0.0010579870898645334,0.0,0.0,0.7521980244839483,2.0
"State College, PA",157795,"State College, PA",40.7933949,-77.8600012,10324934000.0,1.0700000000000003,0.0051315795768287105,0.003291821307145988,0.06521739130434837,0.032225975330299916,0.6848642069681629,1.0
"Staunton-Stuarts Draft, VA",127344,"Staunton, VA",38.149576,-79.0716958,6332013000.0,1.05,0.003565187274439843,0.0014432418243030105,0.02173913043478263,0.004867157240436413,0.7007608116589397,1.0
"Stockton-Lodi, CA",800965,"Stockton, CA",37.9577016,-121.2907796,40227907000.0,1.22,0.03821609361996188,0.017135827327752838,0.39130434782608686,0.009902908618462943,0.42856801223615565,0.0
"Sumter, SC",104165,"Sumter, SC",33.9204354,-80.3414693,5800970000.0,1.1,0.0023728649475188365,0.00119738792578927,0.1304347826086958,0.0,0.6356444175930391,4.0
"Syracuse, NY",652956,"Syracuse, NY",43.0481221,-76.14742439999999,49280551000.0,1.09,0.03060254535276954,0.02132687742964105,0.10869565217391315,0.2789356570753471,0.584374381268364,1.0
"Tallahassee, FL",392645,"Tallahassee, FL",30.4381828,-84.28062349999999,22394066000.0,1.12,0.017212208528785154,0.008879397367609902,0.17391304347826103,0.10548227325015005,0.5491273617879275,4.0
"Tampa-St. Petersburg-Clearwater, FL",3342963,"Tampa, FL",27.9516896,-82.45875269999999,219413810000.0,1.24,0.1689758749042513,0.10009248584929431,0.4347826086956521,2.1556529138241873,0.5142700828388963,4.0
"Terre Haute, IN",168787,"Terre Haute, IN",39.4667034,-87.41390919999999,9774003000.0,1.08,0.005697005480341188,0.0030367599765906968,0.08695652173913052,1.1114267776936381e-05,0.7057738466774269,2.0
"Texarkana, TX-AR",145907,"Texarkana, TX",33.425125,-94.04768820000001,6745840000.0,1.08,0.004520063643335595,0.001634828910961239,0.08695652173913052,0.009291179376740696,0.5204284864174709,3.0
"Toledo, OH",600141,"Toledo, OH",41.6528052,-83.5378674,45846423000.0,1.1,0.02788575413242643,0.019736999101906395,0.1304347826086958,0.01345386501921583,0.7595433781784361,2.0
"Topeka, KS",232322,"Topeka, KS",39.0473451,-95.67515759999999,14387659000.0,1.08,0.008965230987952653,0.005172717543117909,0.08695652173913052,0.0004429072396780696,0.5633593334201795,2.0
"Trenton-Princeton, NJ",381671,"Trenton, NJ",40.2205824,-74.759717,49620483000.0,1.0700000000000003,0.016647708541053536,0.021484253776621564,0.06521739130434837,0.057998231167206156,0.6592250126055434,1.0
"Tucson, AZ",1063162,"Tucson, AZ",32.2539787,-110.9741769,55799638000.0,1.14,0.051703445841874265,0.024344981337799606,0.2173913043478258,0.37809349140497234,0.3081250044942852,0.0
"Tulsa, OK",1044757,"Tulsa, OK",36.1539816,-95.99277500000001,61966173000.0,1.12,0.05075669695594385,0.027199866290753376,0.17391304347826103,0.2861383534000155,0.5115763847723294,3.0
"Tuscaloosa, AL",278290,"Tuscaloosa, AL",33.2098407,-87.56917349999999,13818050000.0,1.09,0.011329814133209343,0.00490900896720501,0.10869565217391315,0.0009141428994033317,0.6112674001742792,3.0
"Twin Falls, ID",120635,"Twin Falls, ID",42.5558381,-114.4700518,6828866000.0,,0.0032200778870066908,0.0016732669767638235,,0.009050625218628686,0.31921798510283794,0.0
"Tyler, TX",245209,"Tyler, TX",32.3512601,-95.30106239999999,14728798000.0,1.16,0.009628135247283556,0.005330652687889761,0.2608695652173911,0.01300813450381803,0.519139246821055,3.0
"Urban Honolulu, HI",989408,"Honolulu, HI",21.3098845,-157.8581401,74422320000.0,1.41,0.04790955736956174,0.03296661644170205,0.8043478260869563,0.0,,
"Utica-Rome, NY",287039,"Utica, NY",43.100903,-75.232664,15114847000.0,1.0600000000000003,0.011779860642473413,0.005509379554955763,0.043478260869565744,0.0,0.5537263566565966,1.0
"Valdosta, GA",151118,"Valdosta, GA",30.8328597,-83.2771957,7132000000.0,1.0600000000000003,0.004788116261894867,0.0018136071670536197,0.043478260869565744,0.009871895170603487,0.573529224905285,4.0
"Vallejo, CA",449218,"Vallejo, CA",38.1040864,-122.2566367,35407753000.0,1.25,0.02012231038826581,0.014904268579522277,0.45652173913043476,0.0,0.4783169223450367,0.0
"Victoria, TX",98808,"Victoria, TX",28.8052674,-97.0035982,5906748000.0,1.0700000000000003,0.0020973021231814695,0.0012463593531068062,0.06521739130434837,0.005708989473263057,0.40744236324519906,3.0
"Vineland, NJ",152326,"Vineland, NJ",39.4863773,-75.02596369999999,7831072000.0,1.05,0.004850255498743764,0.002137252477399105,0.02173913043478263,0.0,0.6366365049179946,1.0
"Virginia Beach-Chesapeake-Norfolk, VA-NC",1787169,"Virginia Beach, VA",36.8516437,-75.97921939999999,116686015000.0,1.14,0.08894619621708877,0.05253319425431926,0.2173913043478258,0.387803334053167,0.5317256977600572,1.0
"Visalia, CA",479468,"Visalia, CA",36.3301329,-119.2966367,22794238000.0,1.09,0.021678363297768392,0.009064662678095192,0.10869565217391315,0.0,0.3982415507213286,0.0
"Waco, TX",304865,"Waco, TX",31.549333,-97.1466695,16275790000.0,1.0600000000000003,0.012696825904119467,0.006046854604061461,0.043478260869565744,0.014050740162175057,0.4729100274975057,3.0
"Walla Walla, WA",61568,"Walla Walla, WA",46.0645809,-118.3430209,4134076000.0,1.0700000000000003,0.000181685252111178,0.00042567567591654217,0.06521739130434837,0.008667504207977218,0.3113838101983576,0.0
"Warner Robins, GA",200779,"Warner Robins, GA",32.6130007,-83.624201,9812237000.0,1.05,0.007342666461524881,0.003054460949874921,0.02173913043478263,0.0,0.6562783086143119,4.0
"Washington-Arlington-Alexandria, DC-VA-MD-WV",6304975,"Washington, DC",38.9071923,-77.0368707,660626045000.0,1.25,0.3213410778986835,0.30435795596510534,0.45652173913043476,3.603735582701578,0.7090576917055482,1.0
"Waterloo-Cedar Falls, IA",168162,"Waterloo, IA",42.492786,-92.34257749999999,11823535000.0,1.05,0.005664855626839068,0.003985619922637747,0.02173913043478263,0.005815063875524218,0.5708002808126735,2.0
"Watertown-Fort Drum, NY",114787,"Watertown, NY",43.9747838,-75.91075649999999,7597846000.0,1.0600000000000003,0.0029192581377580585,0.0020292771885152185,0.043478260869565744,0.006487677683357652,0.4982812073465176,1.0
"Wausau, WI",138612,"Wausau, WI",44.9591352,-89.6301221,12065097000.0,1.05,0.004144810553258856,0.0040974544811062255,0.02173913043478263,0.02302468556955176,0.5084846895301001,2.0
"Weirton-Steubenville, WV-OH",113544,"Weirton, WV",40.41895660000001,-80.58951669999999,7446410000.0,1.12,0.0028553185091130433,0.001959167741680731,0.17391304347826103,0.0,0.7214181752382389,1.0
"Wenatchee-East Wenatchee, WA",124795,"Wenatchee, WA",47.4234599,-120.3103494,8354876000.0,1.15,0.0034340673119167982,0.002379754978057416,0.23913043478260845,0.009799783913428447,0.28817014729720475,0.0
"Wheeling, WV-OH",135517,"Wheeling, WV",40.0639616,-80.7209149,12603446000.0,1.09,0.003985604478716359,0.004346690796076903,0.10869565217391315,0.0,0.6990815444880359,1.0
"Wichita, KS",652939,"Wichita, KS",37.68717609999999,-97.33005299999999,43935159000.0,1.15,0.03060167087675428,0.018852152290087076,0.23913043478260845,0.1692139426819794,0.4776461363384893,3.0
"Wichita Falls, TX",149947,"Wichita Falls, TX",33.9137085,-98.4933873,7590310000.0,1.0600000000000003,0.004727880296373296,0.0020257882902919118,0.043478260869565744,0.008044573712363303,0.46917552632097503,3.0
"Wildwood-The Villages, FL",151565,"Wildwood, FL",28.8655006,-82.0379317,5784932000.0,1.08,0.004811109837119583,0.0011899629059239044,0.08695652173913052,0.0,0.5795708534278323,4.0
"Williamsport, PA",112724,"Williamsport, PA",41.2411897,-77.00107860000001,7039867000.0,1.09,0.0028131379013182625,0.0017709528862670046,0.10869565217391315,0.0,0.6645518029619348,1.0
"Wilmington, NC",467337,"Wilmington, NC",34.2103894,-77.8868117,20126992000.0,1.13,0.021054347501233653,0.007829823263216962,0.19565217391304318,0.11938565029412546,0.5581020430890106,4.0
"Winchester, VA-WV",147260,"Winchester, VA",39.1856597,-78.1633341,9181393000.0,1.08,0.004589661646196983,0.0027624027610766463,0.08695652173913052,0.0,0.7172925287501785,1.0
"Winston-Salem, NC",695630,"Winston-Salem, NC",36.09985959999999,-80.244216,40939454000.0,1.0700000000000003,0.03279768591012866,0.017465248116513364,0.06521739130434837,0.0005494988380831108,0.7102690967721648,1.0
"Worcester, MA",866866,"Worcester, MA",42.2625932,-71.8022934,60342885000.0,1.1,0.04160602561299097,0.026448342057855904,0.1304347826086958,0.02484230625340997,0.5585810692828934,1.0
"Yakima, WA",256643,"Yakima, WA",46.6022299,-120.5060955,13038444000.0,1.1,0.010216297527192731,0.004548079297847344,0.1304347826086958,0.00957683398903368,0.3087942919375895,0.0
"York-Hanover, PA",464640,"York, PA",39.9625984,-76.727745,25186824000.0,1.13,0.02091561445340131,0.010172344345360173,0.19565217391304318,0.0,0.791775095332115,1.0
"Youngstown-Warren, OH",425969,"Youngstown, OH",41.0997803,-80.6495194,24989650000.0,1.0700000000000003,0.018926387277752563,0.010081059841872604,0.06521739130434837,2.6115973829703376e-05,0.6984766286333461,1.0
"Yuba City, CA",183670,"Yuba City, CA",39.1406607,-121.6177394,8608166000.0,1.15,0.00646258351181646,0.002497019180682336,0.23913043478260845,0.0,0.3860597560117598,0.0
"Yuma, AZ",213221,"Yuma, AZ",32.6926512,-114.6276916,9883018000.0,1.09,0.007982680025162276,0.0030872300190288335,0.10869565217391315,0.019909796489671797,0.30517006758274434,0.0
